,Stretches,P
0,0.0,0.0021336844125314862
1,0.04,0.024977492767032358
2,0.08,0.05517852024701806
3,0.12,0.09925714372836764
4,0.16,0.16696950684868356
5,0.2,0.2733067553969119
