,Stretches,P
0,0.0,0.001014544149235426
1,0.04,0.01986463386621357
2,0.08,0.04296909914749479
3,0.12,0.07405766108546628
4,0.16,0.11853154380140235
5,0.2,0.18442799313965522
