,Stretches,P
0,0.0,0.0004886606171852537
1,0.04,0.017878293332225844
2,0.08,0.038098412971449024
3,0.12,0.06354776226389283
4,0.16,0.09743086493980543
5,0.2,0.14422015940664007
