,Stretches,P
0,0.0,0.001504653838950698
1,0.04,0.02201196469110256
2,0.08,0.048146934592972805
3,0.12,0.08486703224467332
4,0.16,0.13948600391907165
5,0.2,0.22309734228220965
