,Stretches,P
0,0.0,0.0006938285284340881
1,0.04,0.018612114112084625
2,0.08,0.03990487704129508
3,0.12,0.06747786660536806
4,0.16,0.10539609978628009
5,0.2,0.1595345212559457
