,Stretches,P
0,1.0,-0.024926512493845497
1,1.02,0.024664897663703084
2,1.04,0.06509330132078663
3,1.06,0.1007729727435907
4,1.08,0.1343321519162453
5,1.1,0.16722372796760307
