,Stretches,P
0,1.0,-0.020467137433013382
1,1.02,0.02358067385659684
2,1.04,0.05870481567743769
3,1.06,0.089142942258166
4,1.08,0.11739419261171356
5,1.1,0.14485708048770934
