,Stretches,P
0,1.0,-0.015044179455354124
1,1.02,0.022276489339460824
2,1.04,0.051063998028002565
3,1.06,0.07530419656676443
4,1.08,0.09737398108443873
5,1.1,0.11861801409715682
