,Stretches,P
0,1.0,-0.029616925505140012
1,1.02,0.025801720262924138
2,1.04,0.07174730424920854
3,1.06,0.11278804978433828
4,1.08,0.15166064933530413
5,1.1,0.18983869894357003
