,Stretches,P
0,1.0,-0.017221474661105657
1,1.02,0.02279752175832729
2,1.04,0.05410365177693823
3,1.06,0.08077557923697633
4,1.08,0.10522364657096522
5,1.1,0.12881245367878416
