,Stretches,P
0,1.0,0.00040701217726271265
1,1.02,0.040355200021701745
2,1.04,0.07887522540297284
3,1.06,0.1160558534945467
4,1.08,0.15197933031694735
5,1.1,0.18672190290104176
