,Stretches,P
0,0.0,6.879999999999999e-05
1,0.04,0.0138288
2,0.08,0.0275888
3,0.12,0.0413488
4,0.16,0.0551088
5,0.2,0.0688688
