,Stretches,P
0,1.0,0.00041270370292811475
1,1.02,0.040733344827685
2,1.04,0.0792595741232504
3,1.06,0.11611194632190017
4,1.08,0.151401042017289
5,1.1,0.1852284495981528
