,Stretches,P
0,1.0,0.0004069504114527468
1,1.02,0.040365373174016936
2,1.04,0.07892559402468055
3,1.06,0.11617326058032161
4,1.08,0.15218823405506135
5,1.1,0.18704494649185224
