,Stretches,P
0,1.0,0.0004078023154311918
1,1.02,0.04043368504714707
2,1.04,0.07902884829458545
3,1.06,0.11628148052594056
4,1.08,0.15227256041546014
5,1.1,0.18707657037088918
