,Stretches,P
0,1.0,0.00040752445788662156
1,1.02,0.040407448808605945
2,1.04,0.07897784208884552
3,1.06,0.1162039440541879
4,1.08,0.15216457044779266
5,1.1,0.1869326985976328
