,Stretches,P
0,1.0,0.00040796957385071174
1,1.02,0.040440086606246206
2,1.04,0.07902059881838372
3,1.06,0.11623812244935283
4,1.08,0.15217470231980917
5,1.1,0.18690636748279707
