,Stretches,P
0,1.0,0.00036829437503387935
1,1.02,0.03647808610954874
2,1.04,0.07123533184803675
3,1.06,0.10474065422908634
4,1.08,0.13708548953523095
5,1.1,0.1683530760451652
