,Stretches,P
0,0.0,0.0001127715261386567
1,0.04,0.0225715125299568
2,0.08,0.04484937326232145
3,0.12,0.06696081607301083
4,0.16,0.08892103415034137
5,0.2,0.11074593288715771
