,Stretches,P
0,1.0,0.000368294375027792
1,1.02,0.03647808611830951
2,1.04,0.07123533185217329
3,1.06,0.10474065423584789
4,1.08,0.13708548954313104
5,1.1,0.16835307605103467
