,Stretches,P
0,1.0,0.00036829437503061916
1,1.02,0.03647808610417904
2,1.04,0.071235331844091
3,1.06,0.10474065422909862
4,1.08,0.137085489538842
5,1.1,0.16835307604838484
