,Stretches,P
0,0.0,0.0001232
1,0.04,0.024763200000000003
2,0.08,0.0494032
3,0.12,0.0740432
4,0.16,0.09868320000000001
5,0.2,0.1233232
