,Stretches,P
0,0.0,0.00010426439053528273
1,0.04,0.02087284116998909
2,0.08,0.041495507437683495
3,0.12,0.062006098904489576
4,0.16,0.08243944775395956
5,0.2,0.10283066314589567
