,Stretches,P
0,1.0,nan
1,0.98,nan
2,0.96,nan
3,0.94,nan
4,0.9199999999999999,nan
5,0.8999999999999999,nan
