,Stretches,P
0,0.0,0.00011834213618113692
1,0.04,0.023724969484398138
2,0.08,0.04721363836797617
3,0.12,0.070591760759873
4,0.16,0.09386659133983441
5,0.2,0.11704521681329158
