,Stretches,P
0,1.0,0.00036829429501275296
1,1.02,0.036478078488891
2,1.04,0.07123531752899799
3,1.06,0.10474063397110316
4,1.08,0.13708546401655203
5,1.1,0.16835304585279404
