,Stretches,P
0,1.0,-0.020626842104224895
1,1.02,0.01969978845021986
2,1.04,0.0551860680750475
3,1.06,0.08823438518108528
4,1.08,0.12003845529643678
5,1.1,0.15119935625892644
