,Stretches,P
0,0.0,0.0008526019876091556
1,0.04,0.019059176554262588
2,0.08,0.04144865046203321
3,0.12,0.07177004074439024
4,0.16,0.11544679614295665
5,0.2,0.18057990325497555
