,Stretches,P
0,1.0,-0.00016630009830189603
1,1.02,0.034507381092027015
2,1.04,0.06333635910377343
3,1.06,0.09037568835230786
4,1.08,0.11824169362597889
5,1.1,0.148753841278391
