,Stretches,P
0,0.0,0.00027614822598581875
1,0.04,0.025860664679392357
2,0.08,0.05720469537893662
3,0.12,0.10027963474733916
4,0.16,0.16389372698954077
5,0.2,0.26160175199837854
