,Stretches,P
0,0.0,0.000266063796396599
1,0.04,0.02338475701846616
2,0.08,0.05115325994752417
3,0.12,0.08854324536919583
4,0.16,0.1427523830996159
5,0.2,0.22428650196228048
