,Stretches,P
0,0.0,0.0003588139908781603
1,0.04,0.027751979352917355
2,0.08,0.06225326207418874
3,0.12,0.11229366515386939
4,0.16,0.19037768127751906
5,0.2,0.31631694541202493
