,Stretches,P
0,0.0,0.0003595518220173806
1,0.04,0.02767477378693488
2,0.08,0.062262315468646606
3,0.12,0.11245968915400158
4,0.16,0.19069505978015774
5,0.2,0.3166274440358418
