,Stretches,P
0,0.0,0.0003343742557844081
1,0.04,0.02729939519605808
2,0.08,0.06126442280098986
3,0.12,0.10981327602240137
4,0.16,0.18408917511871092
5,0.2,0.3013755206052176
